"V1","V2","V3","V4","V5","V6","V7","V8","V9","V10","OUTCOME"
3,6,9,9,2,1,8,7,2,10,5.54836266917893
4,7,10,5,6,4,7,5,2,10,6.06291411915795
6,4,9,2,1,3,7,7,8,3,4.83218059636564
10,10,5,4,5,9,1,7,5,2,5.91797811486557
3,2,2,9,10,4,10,3,8,1,5.31176545378896
9,1,1,10,4,4,2,10,2,8,4.9762264058543
10,6,6,2,7,9,3,3,1,3,4.87698354591689
7,6,1,4,7,4,2,9,3,8,5.1597790917869
7,9,6,8,5,3,1,7,1,1,4.82988644085417
1,7,5,10,3,10,8,8,6,2,5.98898606280498
3,10,1,5,8,9,9,3,8,8,6.31923249809812
2,6,6,2,3,4,5,9,6,8,5.11145391726138
7,1,8,9,6,1,10,7,1,10,5.98204799396504
4,10,6,9,7,2,4,7,1,8,5.80548449048881
8,5,1,10,1,2,5,7,10,9,5.92991398352554
5,9,4,8,6,5,10,2,4,3,5.55654387924907
8,9,2,5,1,2,10,4,10,10,6.01910769842463
10,3,1,1,2,6,10,8,8,1,4.9477648533628
4,2,9,8,5,1,10,5,10,4,5.77122842630846
8,3,4,10,3,10,7,9,9,2,6.43567867494365
10,1,3,1,4,3,7,6,2,8,4.53428187214296
3,9,9,2,1,1,2,7,2,5,4.24481056359861
7,2,5,4,2,5,7,10,1,1,4.53537066647509
2,9,1,2,6,6,6,4,5,9,5.04747788918225
3,2,1,2,7,3,2,3,5,4,3.1751075098334
4,8,8,3,8,9,1,8,6,2,5.55563160554811
1,6,1,6,4,6,10,3,6,5,4.7016324075877
4,3,1,2,9,4,5,1,7,5,3.98066987971263
9,4,7,5,8,9,7,10,5,2,6.59395120871424
4,8,5,4,9,8,10,10,9,8,7.69500225451386
5,6,5,5,10,9,5,1,5,7,5.66001178739437
6,5,1,3,10,4,4,3,1,9,4.48189181167387
5,4,3,5,3,1,3,9,3,5,4.07573741877902
2,10,8,5,8,8,4,3,9,7,6.36278186181665
9,7,1,9,2,7,1,1,10,4,5.04394366690555
7,2,3,4,1,3,7,10,1,9,4.5996003912026
8,4,2,5,6,2,4,7,3,7,4.8883912871402
2,6,7,1,5,10,10,4,10,10,6.51935399533479
8,9,10,10,10,5,2,6,7,7,7.24760948237046
5,2,3,4,6,7,3,3,1,6,3.97048769825664
9,3,4,1,1,6,6,4,4,6,4.41115002382547
7,2,2,4,6,7,5,2,6,10,5.1810565523902
8,7,8,7,3,3,10,2,3,2,5.15434934057177
6,6,1,3,5,1,6,9,4,5,4.77078147852996
6,2,8,10,3,3,9,7,3,6,5.53924205282662
8,5,2,1,10,5,8,7,9,6,6.09683351538368
1,6,8,2,7,6,1,1,1,2,3.41409601234996
5,4,4,3,8,9,7,2,4,6,5.11855102810319
8,5,7,3,10,6,6,6,5,7,6.22761093037281
7,10,10,10,9,7,4,2,3,5,6.6409165902726
5,1,2,4,4,1,2,4,6,1,2.93758282396433
9,6,8,5,1,4,5,9,7,6,5.92019354456942
5,5,2,6,4,2,1,9,7,10,4.97348149711892
3,10,3,3,1,6,6,3,9,1,4.48595598044727
1,9,8,5,1,10,2,10,10,7,6.09641820533056
1,2,6,5,8,8,10,3,4,2,4.98563960684354
4,8,1,4,2,3,1,3,1,1,2.75026377100605
6,5,2,1,1,4,9,5,2,4,3.7912281888164
7,6,8,10,8,8,2,5,3,5,6.12699151965614
5,1,3,2,1,3,3,1,3,1,2.13752848383241
10,2,3,6,3,5,10,6,1,1,4.52346383701972
3,10,6,9,9,10,5,1,7,5,6.55154540138583
5,9,4,9,4,3,1,9,7,7,5.77222010953292
4,2,10,7,8,1,1,7,7,10,5.62168348135235
7,6,3,1,4,6,7,10,10,1,5.70607304777588
3,10,6,4,2,2,6,1,4,7,4.5339455899185
5,4,5,9,5,6,6,10,9,4,6.40663868854178
8,2,6,6,3,5,8,6,6,5,5.62548038884879
1,10,9,10,10,8,5,4,4,5,6.57137462333957
9,5,1,10,3,4,7,4,6,9,5.76689844279082
4,3,7,4,9,5,5,8,10,4,5.96223833332095
9,1,9,1,10,5,7,10,10,9,7.29179589402457
4,7,5,5,10,2,4,9,5,3,5.49742272332607
4,5,9,8,1,9,7,3,10,8,6.53337902598645
5,10,9,10,1,1,5,10,7,8,6.62727961849236
9,6,1,8,5,2,9,3,5,1,5.09649223749797
9,8,10,6,4,1,10,2,5,8,6.16662238486596
4,1,5,8,8,9,8,5,6,2,5.60439914580866
8,4,5,9,9,8,10,10,6,1,6.95856193850017
10,4,3,9,5,10,1,6,6,6,6.07847926308088
5,4,7,8,4,6,7,8,8,5,6.19731196978943
8,4,6,5,5,8,3,2,3,7,5.13942291581949
4,7,7,5,7,9,4,9,2,2,5.74173472590578
4,1,4,9,5,4,5,9,3,2,4.60331760477621
8,7,2,4,3,4,9,2,10,3,5.09696104760452
3,9,9,7,10,1,9,6,3,10,6.79364427188375
8,6,2,1,1,8,1,4,4,9,4.30581148400922
2,2,6,9,3,8,4,6,7,5,5.07772670463642
3,10,10,1,2,7,5,5,7,1,5.04308328199645
2,5,6,2,3,8,6,9,1,5,4.60414597847305
3,5,9,5,10,2,6,3,10,8,6.18316822081602
1,8,7,7,9,8,6,9,9,8,7.15663475623165
7,3,8,7,4,5,8,3,5,3,5.2672605303479
9,3,1,9,5,5,3,2,5,8,5.0650852008894
8,8,6,4,10,10,4,2,3,6,5.93243191821635
8,8,2,6,10,5,8,3,7,9,6.64074377958844
5,1,7,8,9,2,10,6,10,10,6.82247521102221
5,6,10,2,7,5,8,2,5,1,5.10114620334704
9,7,6,7,8,6,2,9,2,6,6.3136585292614
7,10,6,9,8,6,7,8,10,1,7.35509980422735
7,7,6,4,10,8,2,3,6,3,5.68830833337596
4,3,7,1,10,9,7,6,1,4,5.3378712780366
3,5,6,6,1,5,10,1,4,9,5.13423236570982
10,2,1,2,3,7,1,2,8,7,4.22434578416326
7,2,2,10,3,8,8,7,5,3,5.47009330603756
3,7,10,3,10,7,1,5,3,8,5.80029136047963
2,4,10,7,4,8,4,7,5,10,6.15680925905199
5,5,3,4,3,2,5,7,2,8,4.36888388220646
10,10,8,8,2,3,2,7,2,9,6.1722076248538
6,4,7,10,5,3,8,3,6,7,5.84055542871711
10,3,5,7,4,6,7,8,1,7,5.71271051134574
8,7,4,1,2,7,9,3,9,6,5.5633867246437
4,1,9,10,1,4,6,1,8,7,5.15086333168477
5,7,9,5,7,7,4,2,1,9,5.58733133306685
2,8,3,6,1,7,1,10,8,4,5.06805387297723
1,6,2,1,7,4,7,3,6,8,4.52777802856385
8,4,10,2,8,2,5,7,2,1,4.87120170335472
2,8,9,8,1,4,3,8,7,7,5.63797592860634
5,4,4,4,6,5,8,7,1,10,5.42278134832583
7,8,9,7,1,4,2,1,10,3,5.15567204675262
10,2,1,6,10,6,7,2,5,6,5.33254813060681
5,8,3,1,8,1,1,7,2,8,4.46689273298094
5,5,10,4,4,7,2,7,9,3,5.59208638740349
2,9,1,4,5,9,10,3,1,3,4.64560752709491
8,8,9,5,4,6,10,3,3,4,6.0009676441383
5,10,7,4,1,8,5,9,6,5,5.95358605807353
6,3,3,8,4,2,2,6,3,2,4.01262995723427
3,5,1,10,4,8,10,6,7,10,6.35289622296954
3,3,1,3,2,2,6,5,2,6,3.34374217006419
6,4,8,9,7,7,7,6,7,8,6.94227567724469
6,9,1,1,6,3,9,6,8,3,5.19888032061712
1,2,8,10,2,3,1,7,1,9,4.53179132850117
1,5,4,10,2,1,6,8,9,1,4.60172420730528
7,5,8,9,6,4,7,2,7,6,6.22132576025094
10,5,1,7,7,10,10,5,9,5,6.88713603325321
6,2,4,3,3,5,8,8,1,3,4.34153222449326
6,3,3,9,5,6,10,4,3,1,4.80681568992738
6,7,10,9,10,8,8,8,3,9,7.61418342159748
10,9,6,4,8,4,9,3,3,5,6.26613584291996
6,5,5,9,6,1,10,1,5,7,5.5278337589387
7,2,9,6,9,5,9,4,6,2,5.95019443263079
7,3,2,6,8,10,8,10,9,3,6.66354081640525
3,9,3,1,4,4,2,4,9,8,4.73129674642044
3,2,4,10,10,6,8,9,1,6,5.75789238979977
8,8,5,7,4,5,10,9,7,6,6.87342884766166
5,6,2,6,9,7,5,9,6,9,6.43235123728748
2,4,7,7,5,5,5,6,4,10,5.6383525140068
8,3,2,10,5,5,1,7,1,7,4.75943816116526
2,9,10,2,3,3,7,4,8,5,5.05491254541551
9,2,6,5,4,1,2,2,6,8,4.37942205759669
7,9,2,3,10,4,6,7,7,1,5.46646480247683
6,1,6,5,7,5,4,7,9,9,6.00479715292272
4,8,1,10,5,3,5,4,7,5,5.14004518133123
5,9,2,8,4,10,6,4,9,1,5.63891869935434
6,10,1,7,9,3,10,10,1,9,6.6194250347546
2,3,5,7,9,10,8,1,7,7,5.94759288811196
6,1,8,5,7,8,10,2,5,5,5.69722897230152
1,3,5,1,8,10,8,2,1,6,4.59933001225753
3,2,5,7,10,3,2,5,6,8,5.18400911541925
3,4,4,3,7,10,2,2,9,1,4.42950581534728
3,1,8,1,5,10,4,9,2,5,4.82032977794156
9,3,10,2,7,5,2,1,9,5,5.21084768213973
5,6,5,9,1,6,5,3,7,7,5.56104403855784
8,4,3,7,7,7,5,10,6,4,6.0313207513924
9,10,7,1,8,9,2,5,9,7,6.79156849290053
5,4,8,2,5,4,5,8,10,10,6.0853841021946
1,10,6,2,2,4,8,7,3,4,4.62336396656326
4,3,4,5,7,6,9,1,1,5,4.49616847951476
8,7,6,8,7,1,8,2,6,2,5.55510383601443
4,2,2,9,6,9,3,9,2,6,5.17845818789003
7,9,3,9,2,6,10,9,2,1,5.82074472420191
9,8,2,1,1,9,1,8,8,9,5.57583685122579
9,5,9,1,5,9,3,1,7,3,5.25402463481892
4,5,6,3,2,4,2,2,10,4,4.42847087439328
4,7,4,8,3,5,9,5,5,8,5.87705087936821
9,1,3,8,4,1,8,3,4,9,4.97814800813279
7,7,8,7,5,4,9,1,9,10,6.64479861141473
8,8,6,2,6,9,7,4,6,3,6.02883685893848
7,3,6,5,3,7,5,3,3,6,4.85983729951353
10,1,7,8,8,9,3,10,2,1,5.93168592810137
3,4,10,3,2,6,2,10,9,1,4.94424555755971
2,4,8,8,7,10,7,7,9,8,7.18625205885542
9,5,8,2,6,2,4,4,4,8,5.23402840145326
6,4,2,4,9,2,6,3,2,1,3.84658226815762
9,10,4,6,2,10,10,10,5,2,6.6924236725279
2,2,10,5,2,6,4,10,9,3,5.40155574155544
8,2,5,9,4,5,8,5,7,5,5.85525856445944
8,7,1,6,5,9,9,10,4,10,7.08145459381316
10,1,5,1,4,1,8,3,10,7,5.11286615735134
6,1,1,2,1,4,9,3,2,3,3.05877449753047
8,8,1,2,3,1,1,3,4,7,3.87762795234686
4,10,9,9,9,10,4,3,7,9,7.30958064747085
2,3,10,10,10,8,6,8,8,6,7.11516944401105
10,7,9,9,3,1,4,1,3,8,5.45247982342152
3,4,9,2,1,10,8,2,1,4,4.39131830469228
6,10,2,8,3,3,3,5,4,7,5.1282714992122
2,9,3,1,6,9,2,9,2,3,4.68749794589482
9,8,7,7,10,6,2,3,1,9,6.24851374071764
4,3,7,6,2,5,4,3,5,9,4.76590379778857
8,1,1,3,8,6,6,4,4,4,4.44101961066175
3,4,6,7,1,9,7,10,7,3,5.74577942441115
3,8,10,10,2,9,5,4,1,6,5.96463161853799
6,10,2,6,5,8,6,3,7,1,5.53117038646597
3,7,6,10,7,7,2,9,10,2,6.31758472827164
2,8,10,2,10,6,9,1,2,6,5.52996983095229
6,9,5,5,2,9,3,10,9,10,6.88740680995671
6,8,5,7,10,6,5,10,4,3,6.32090200491577
2,9,4,3,6,3,8,10,6,4,5.55525167649686
3,5,6,5,6,10,5,8,6,6,6.03305292000307
8,7,2,7,9,1,4,8,6,5,5.61826211022165
10,2,7,9,3,1,9,2,2,9,5.29103794509464
2,8,9,4,10,1,10,2,8,6,5.95598641853142
8,1,2,7,10,6,6,2,8,6,5.58167748346353
10,3,5,4,7,4,7,5,10,9,6.54375832434254
9,5,2,8,5,4,1,5,6,6,5.1115378225385
4,10,7,6,8,1,1,3,9,1,4.97767372068712
7,10,5,7,2,1,2,8,7,3,5.11470540533589
10,1,3,4,3,2,4,3,1,6,3.80928103157644
10,6,8,7,1,3,8,5,7,8,6.31812313969988
4,1,4,7,3,8,1,4,2,2,3.53519305132046
3,6,6,8,3,5,8,5,2,5,5.13027412258603
2,1,6,8,3,10,2,10,5,8,5.40716018368134
4,7,8,1,10,4,8,6,8,10,6.55591286282288
6,9,1,3,9,7,7,6,2,9,5.8627518211285
10,4,7,7,9,9,8,8,7,4,7.21823019007353
6,2,2,10,1,10,9,10,10,4,6.34229575892604
3,1,8,1,8,8,9,2,10,10,6.1014091867339
1,4,3,7,3,6,2,6,9,1,4.20661054679325
5,10,1,7,1,2,4,10,1,2,4.10699283814367
9,6,8,10,10,8,10,5,4,10,7.92798881820551
4,4,8,10,4,8,10,1,8,2,5.93499594040959
2,4,2,1,7,8,1,1,6,9,4.14396553175
4,4,3,4,9,8,1,1,1,7,4.05023336316452
7,1,2,9,1,9,8,6,9,6,5.8045994754228
4,1,4,3,4,2,8,5,2,1,3.33359972752242
7,9,7,5,6,4,10,5,9,3,6.4648122240425
7,5,5,5,3,5,4,5,4,9,5.11389476185098
6,5,3,6,4,9,8,2,6,2,5.16479050717508
5,5,1,10,6,10,8,6,4,5,5.92907742474971
5,8,9,6,8,9,10,7,5,8,7.46003287951733
4,4,5,6,3,7,5,4,4,4,4.61466213696609
6,6,1,7,2,7,3,10,4,2,5.01300992433066
10,1,4,6,4,9,4,5,2,7,5.19122855462624
2,3,4,1,10,3,1,1,2,4,2.95331053096063
5,10,3,3,10,10,6,5,1,4,5.76516614809259
3,10,3,5,6,3,1,4,5,10,5.08795566360265
5,10,3,3,8,6,7,8,6,8,6.49592057003867
2,8,3,6,10,4,7,3,3,6,5.1243046387201
5,8,9,5,9,7,5,5,1,7,6.03835530909109
10,1,8,8,4,3,3,4,7,4,5.11712693154363
8,2,2,1,6,9,5,5,7,8,5.15974162871361
10,2,8,4,6,5,9,3,7,2,5.64261104559924
5,8,5,9,4,6,2,1,5,8,5.32248788493746
7,10,3,6,3,10,5,2,2,1,4.83254299236495
5,5,1,4,8,7,9,1,8,2,5.13142247099082
2,2,1,5,6,1,8,8,6,10,4.8670611223021
3,4,3,1,1,3,6,4,6,10,4.00062558709212
5,6,3,6,5,1,6,3,6,1,4.07289945450934
4,10,4,5,10,3,7,2,1,6,5.0878375876014
10,1,10,2,4,8,6,8,4,1,5.43094211473247
6,2,10,5,5,5,10,1,4,4,5.08044066722093
4,8,5,1,8,2,9,5,5,2,5.04505474005849
3,4,2,1,1,3,10,1,7,6,3.83867772099055
8,8,2,3,8,3,3,3,8,8,5.50175006059045
8,3,2,10,2,8,10,8,7,1,6.01839006321555
2,4,6,1,1,7,7,6,9,5,4.68314357632283
1,6,1,2,4,3,4,6,9,5,4.05022324877337
8,10,8,10,1,9,6,9,4,9,7.36323608105902
7,1,6,1,10,3,8,7,8,4,5.47510003742138
2,4,10,10,8,9,6,1,10,10,7.06363553249991
1,3,9,7,5,2,10,1,2,10,5.09970657240816
2,4,8,1,1,5,1,10,3,7,4.25557934132964
4,8,2,9,1,9,1,3,4,10,5.11283095589895
2,9,2,6,9,3,3,1,1,7,4.29574181319399
3,7,4,5,4,4,1,5,9,7,4.78061081219246
2,7,10,9,6,5,4,4,2,10,5.89020889035745
3,2,10,6,2,3,6,3,7,4,4.85734489674001
2,9,6,1,5,2,3,6,1,8,4.54213512885416
5,8,3,2,1,5,3,6,6,8,4.74883885969256
8,10,10,5,1,6,4,6,10,3,6.48112699242038
1,1,8,9,3,4,10,3,10,5,5.44334920927615
6,6,10,4,3,5,9,1,9,6,5.94785870253915
9,4,7,7,1,10,9,10,7,7,6.97932335102603
4,8,1,7,8,6,8,2,10,8,6.252405183952
1,8,1,6,10,8,1,8,3,2,4.8373331582668
2,3,10,6,9,7,6,4,4,4,5.52363018124671
4,3,9,8,7,3,1,4,10,10,5.75020834937621
2,7,5,7,2,4,6,7,3,5,4.83428945909621
2,5,8,9,8,7,9,7,10,10,7.38695312044449
3,4,3,10,9,2,5,4,3,1,4.34724749459896
3,1,4,3,2,7,7,4,6,6,4.2479442986509
2,9,6,9,9,6,7,9,9,8,7.49261711165121
10,9,2,7,10,9,10,9,9,5,8.17309593413888
4,5,6,4,1,8,3,8,8,2,4.97481786988642
6,1,4,2,7,4,6,9,2,2,4.26310608780051
7,6,6,8,4,8,7,1,1,1,4.87641427673781
1,4,8,10,2,8,10,4,1,5,5.39026397476784
2,5,5,9,6,9,6,2,6,4,5.37764651119893
1,4,3,7,5,9,1,5,5,5,4.46098580762274
10,1,10,9,4,8,8,8,1,8,6.5867106330358
7,6,1,5,4,10,2,10,1,6,5.05563548465224
1,2,9,5,3,6,10,6,8,4,5.46817368073414
5,3,5,4,10,5,6,6,10,7,6.10492399285187
5,10,7,1,7,6,9,6,4,6,6.10796667655014
4,10,8,5,5,6,4,2,8,8,5.98812018129228
10,8,3,10,6,5,9,5,8,2,6.67338998374295
2,1,2,2,9,9,3,7,2,10,4.78466680113366
9,6,9,8,10,2,8,10,6,4,7.0783150233853
1,7,5,6,8,7,2,6,10,7,5.88927777821021
5,5,8,10,3,1,6,4,5,2,4.83194019962453
2,1,2,8,4,6,3,1,4,7,3.84928875661486
2,5,4,10,6,6,1,10,4,2,5.12463981310705
9,6,6,4,5,10,1,7,6,4,5.92818434068817
8,7,4,7,2,2,10,7,5,6,5.66359164261843
3,7,5,3,2,9,3,9,5,6,5.19672331129057
5,8,5,9,2,7,6,7,1,10,5.88905306006825
1,2,5,1,4,6,9,4,6,2,4.10213876806373
4,2,5,8,4,8,5,2,10,6,5.44054949651196
10,8,3,8,1,1,3,9,7,3,5.24579316967448
7,5,7,8,8,10,2,4,9,6,6.73879059266832
7,7,3,7,4,5,9,6,2,9,5.77304485163595
4,2,9,9,10,8,7,10,1,5,6.59180533230635
5,9,9,5,4,9,7,9,7,4,6.73056444388899
10,4,6,10,4,6,4,4,7,1,5.77263684896774
9,2,6,3,5,4,7,5,2,6,4.99182443727051
10,7,1,2,3,5,3,5,6,5,4.59462049787651
9,2,5,7,10,1,1,6,4,4,4.89892741246276
8,1,7,1,7,3,4,1,1,3,3.66893708485331
3,1,1,1,6,7,1,4,5,6,3.53413439745926
8,9,9,4,9,5,6,3,4,10,6.79319959275385
10,4,2,1,1,3,6,9,1,3,3.9166557436682
3,9,1,8,8,5,3,1,3,1,4.23434626018149
4,1,8,1,9,5,10,4,5,9,5.60160926119054
9,5,1,4,5,4,8,9,8,1,5.35417279461224
1,8,4,4,4,5,9,10,9,6,6.21808469156303
4,7,8,4,1,5,5,9,1,10,5.31730837426544
5,6,2,8,10,2,5,4,7,6,5.50892571599747
2,10,4,7,3,7,3,7,8,8,5.88420688928207
6,10,4,8,6,5,9,3,3,2,5.6485045638013
10,3,7,3,9,7,9,6,6,4,6.22250119278764
10,2,4,3,10,4,5,3,8,7,5.6741601787067
2,2,5,4,9,7,7,2,4,9,5.0556282814113
6,9,4,10,5,5,5,6,4,4,5.81138404223478
4,2,10,5,2,1,10,10,5,3,5.28268424709894
7,3,7,2,3,3,10,9,10,10,6.3738796679015
3,2,9,2,6,7,6,5,1,2,4.22549473937998
5,1,10,4,10,4,2,10,6,10,6.32632352977338
2,3,8,10,3,4,3,3,1,7,4.31267692201008
4,8,9,3,1,3,5,8,5,7,5.37919393280128
8,7,8,1,10,3,7,8,4,2,5.76013331537253
5,1,9,6,7,10,2,1,9,2,5.32529349624024
1,2,9,9,6,3,7,10,2,8,5.64832997577812
8,2,4,1,2,8,3,8,7,8,5.11869952328782
5,4,9,1,1,8,1,6,3,3,4.01788622578556
10,3,9,9,9,7,1,10,3,8,6.75063045638184
3,6,2,1,7,4,6,2,5,3,3.98597832293404
9,6,2,9,7,10,6,7,10,3,6.99833948797512
1,1,10,9,4,3,6,4,5,10,5.35076251259916
9,2,5,9,4,2,9,1,2,10,5.46108398654834
5,10,1,6,4,4,1,10,8,5,5.34807845932211
2,9,10,5,4,8,5,7,2,4,5.61093413757222
4,10,1,8,3,10,1,1,6,4,4.60382910391194
9,2,5,9,9,2,4,3,4,2,4.79404665983994
3,1,5,8,9,6,4,6,8,3,5.10418568187714
6,6,4,7,2,4,8,5,6,9,5.70173904663806
9,4,8,7,2,9,8,9,8,4,6.95616787902846
1,6,3,9,3,7,10,2,5,6,5.17861562693796
8,4,7,4,10,7,6,7,8,5,6.59647622690881
7,2,8,6,7,3,9,4,7,1,5.395375352829
5,6,8,7,9,5,5,5,9,9,6.7263926189827
5,4,10,7,8,4,8,6,8,3,6.32874195035459
6,2,6,1,1,8,7,7,1,8,4.8415715342818
10,3,7,1,1,10,10,1,4,3,5.04323650749152
3,4,3,1,1,9,1,9,6,9,4.75403318045788
3,9,4,3,6,10,2,6,10,2,5.32882297591258
5,8,6,2,5,10,7,5,7,5,6.01937734434854
4,10,10,9,2,3,5,3,1,8,5.50629636696053
9,9,10,6,4,7,3,6,1,4,6.06723087352412
2,2,3,6,3,5,9,7,2,5,4.48883344664034
5,6,4,6,7,6,2,10,2,3,5.12964938731459
5,9,9,2,10,9,3,2,8,10,6.62591104072167
6,7,7,6,8,5,4,10,3,5,6.20464643195909
7,5,4,2,9,1,8,9,6,8,5.92223981104514
10,3,7,4,1,6,1,4,6,7,4.84012385912573
3,1,2,3,5,4,6,6,6,10,4.48483545213611
3,4,9,9,9,7,6,9,4,8,6.81443601628488
8,3,9,10,2,9,9,1,7,9,6.64526065181254
9,9,2,5,4,10,4,2,10,3,5.54975737017324
2,7,1,5,7,7,1,2,4,5,4.07065461460873
10,6,4,3,5,9,3,6,3,8,5.70400862884435
2,6,4,3,10,4,7,5,3,6,5.01340568583899
2,3,7,8,10,5,6,7,1,10,5.7578698324253
10,1,6,1,9,2,9,7,6,10,5.95956771855526
6,10,4,1,10,5,10,9,5,9,6.82977442929135
2,8,4,1,7,8,8,8,4,6,5.64758983279049
4,3,6,6,5,8,10,10,7,10,6.87740542115927
7,8,1,9,6,10,10,10,7,3,7.09427311866962
4,9,5,6,6,3,8,7,3,3,5.39120533705824
4,4,3,2,9,1,5,3,1,8,4.00715179562071
2,8,2,8,3,2,10,10,9,2,5.61644026988196
7,3,1,10,9,4,5,9,1,5,5.43492790322121
2,7,1,1,4,7,9,7,5,10,5.39531445130946
10,10,10,4,8,10,9,1,9,8,7.67720857676941
9,4,8,7,10,7,3,8,9,7,7.12237356436885
10,5,1,1,3,7,5,4,1,8,4.4929668333053
8,9,6,8,8,8,10,7,9,1,7.52606897976746
4,5,1,10,1,5,10,3,1,9,4.88959479075823
8,1,8,3,8,5,1,9,9,8,5.91317808922904
1,2,8,2,3,2,10,6,7,5,4.6036252167318
10,2,1,10,4,10,5,10,5,9,6.6810912373373
10,1,9,4,10,4,3,2,6,5,5.54808290962217
4,5,9,6,9,7,6,9,1,8,6.41486138679044
8,1,5,6,5,8,2,10,5,10,6.14635365449577
8,6,7,10,9,2,6,3,10,8,6.84961063263153
8,4,5,5,3,6,10,9,8,7,6.50278623656238
5,6,4,4,6,3,5,2,2,10,4.65370070561208
5,10,8,1,1,4,8,4,3,3,4.66509321948196
4,4,8,7,4,7,4,7,6,10,6.23871584101242
7,10,10,1,3,2,8,1,8,5,5.32561541468153
9,4,7,3,3,7,6,4,4,3,5.03779793920777
5,10,1,10,3,5,2,2,2,4,4.47035772435655
6,7,8,10,2,4,7,1,10,10,6.42592690993928
7,10,10,3,3,2,6,5,10,3,5.88593432283803
2,3,8,5,1,7,7,4,1,3,4.13267510622358
4,5,6,8,6,10,9,1,9,1,5.82009504087331
5,1,6,9,3,3,7,8,9,10,6.01437337239298
1,2,4,10,5,10,4,3,9,9,5.81629497403751
10,6,6,7,7,10,9,6,8,7,7.53168880585915
9,4,9,3,9,8,7,9,8,1,6.65380980434175
9,9,3,6,4,5,2,9,3,3,5.22048289766779
10,1,9,3,1,6,1,9,10,8,5.73749628699762
1,9,7,10,8,2,6,6,9,10,6.85725868165488
4,4,9,1,1,4,9,5,8,1,4.59072253759568
6,4,3,7,7,7,4,4,4,7,5.41613295819928
2,10,4,10,2,10,1,7,8,1,5.44284202465515
9,5,10,2,3,6,10,9,9,10,7.00871743853434
8,6,8,3,5,1,1,2,1,2,3.57794300615793
1,10,6,2,6,2,8,1,7,7,5.12977990439914
5,9,7,4,10,9,10,3,3,7,6.80060408338363
10,3,10,4,7,3,3,10,2,9,6.24512227071332
1,7,4,1,10,6,8,4,9,9,5.87227611652548
3,5,4,10,3,8,4,3,8,1,5.04873029073909
6,3,10,8,4,9,3,8,5,9,6.39834775215618
7,7,5,1,10,1,3,4,3,5,4.70115385267705
3,10,6,10,3,10,4,8,6,1,6.03701739720317
5,3,9,5,9,2,2,8,2,2,4.67193870748095
4,5,5,6,9,5,9,4,7,8,6.23538025861888
10,4,9,10,4,10,10,1,3,6,6.56387467971581
2,2,8,4,7,6,9,9,5,6,5.88113193011683
1,8,2,7,7,6,9,3,8,1,5.21887363233186
10,6,7,1,4,1,5,1,3,7,4.5058684410676
5,3,8,9,10,9,2,4,10,8,6.88316901746976
4,1,3,10,5,5,3,4,2,2,3.87034457212776
2,7,9,10,5,1,4,1,10,4,5.49281182912493
1,9,5,8,9,8,4,10,1,2,5.80999340506043
7,2,4,9,5,7,3,7,5,3,4.95180807910508
6,7,10,5,5,10,7,10,5,10,7.48565511857261
10,1,8,8,1,3,4,3,1,2,4.03466276060811
7,4,5,9,6,2,5,9,7,6,6.02542676685635
1,8,3,1,5,8,3,6,8,1,4.35394503322159
2,4,4,10,8,6,2,6,3,8,5.4078707839069
5,5,3,1,6,10,10,3,10,9,6.20583093447688
1,9,8,4,3,6,2,6,8,6,5.45479235267494
5,4,5,2,2,5,4,9,10,5,5.12109623282726
3,2,7,2,1,10,5,4,8,5,4.73962851242597
10,4,3,6,6,9,9,7,7,6,6.73278149671516
8,2,3,9,5,5,5,2,7,1,4.79771651049793
2,9,10,5,2,4,4,7,6,2,5.13847682308033
5,7,2,8,9,5,4,3,1,9,5.27446663651102
7,2,5,9,8,10,4,2,7,6,6.04670235971014
5,4,9,4,5,2,5,5,5,10,5.35692495756027
10,9,4,6,6,10,8,8,6,9,7.79195727129369
8,9,6,10,8,5,6,1,7,10,6.92503023618699
4,2,1,3,5,6,10,2,8,3,4.38547021951766
2,5,7,1,3,2,7,5,6,7,4.3069062120425
3,5,6,4,7,8,6,8,5,8,5.94235616006649
9,9,4,5,2,5,10,10,8,10,7.21796950137404
5,5,3,1,2,7,1,3,3,6,3.49414124513877
5,7,1,9,7,3,10,2,5,9,5.71470808989283
7,8,4,10,4,7,8,4,3,9,6.40913124466916
8,1,6,10,4,5,7,1,8,7,5.71815769921849
2,1,4,1,7,6,9,7,4,10,5.17945618656478
9,1,10,9,9,3,2,3,3,9,5.75999767640501
10,4,1,9,3,8,4,3,3,9,5.42591635857102
6,10,1,6,9,10,8,9,8,5,7.1422192562184
6,5,7,9,7,5,9,9,3,1,6.0214464213849
2,8,2,8,4,3,2,3,5,1,3.99731395266504
1,8,6,10,3,4,3,1,7,1,4.33595906311696
9,2,1,8,6,5,10,10,5,9,6.44114202522778
2,9,7,6,6,7,8,3,9,1,5.92987237004141
1,1,4,5,9,4,2,2,10,9,4.66548629780257
10,2,3,3,8,4,6,7,3,1,4.68208309162947
3,9,10,2,10,8,7,4,3,9,6.43678110641561
2,7,1,9,1,1,5,7,3,1,3.68405714812351
4,3,5,9,4,9,10,3,10,1,5.78418867557082
5,7,10,6,8,8,6,8,1,10,6.85565639214177
5,10,4,4,4,4,8,3,7,3,5.04762828191932
6,9,10,3,9,10,3,5,4,7,6.71562324599389
9,10,1,4,4,2,6,3,6,5,4.88028753464164
1,5,4,6,5,9,3,4,4,6,4.52836638750482
6,1,6,6,9,7,8,1,7,10,5.98621301526409
7,9,1,8,3,10,3,7,3,10,6.00481895161633
7,2,9,6,3,8,10,1,1,3,5.16192594858556
7,6,5,6,3,7,5,4,4,3,5.01678135859306
5,2,10,1,3,4,2,8,10,2,4.60918221978462
10,4,5,8,8,1,9,8,10,2,6.63417958769326
5,8,10,4,4,8,8,10,10,10,7.70220434495361
9,7,1,5,3,4,1,1,7,10,4.77929945450843
8,1,2,8,1,6,10,2,5,6,4.7880243485729
6,7,4,8,1,8,2,4,3,3,4.49721014606829
9,1,4,9,4,1,3,4,2,6,4.33140344660792
5,7,6,4,10,2,8,1,5,6,5.30317967061773
1,10,8,2,4,8,8,1,2,3,4.67149704432416
8,9,10,2,10,5,1,3,9,3,5.97191444779445
8,9,5,3,6,2,5,3,3,9,5.28796994572726
2,4,2,3,1,3,4,5,3,4,3.22387388959579
7,8,7,1,8,10,6,7,3,10,6.54590733297251
6,5,10,10,1,8,2,4,1,4,5.07824035837388
4,3,1,9,10,7,9,3,7,2,5.38261406256305
7,5,9,4,3,6,10,4,6,3,5.739068129024
9,5,4,6,8,10,5,7,4,6,6.39714941201351
8,9,5,4,8,5,7,4,2,5,5.62736723975106
4,8,2,8,2,5,5,5,1,8,4.85225558970091
2,10,4,8,8,10,4,4,8,5,6.21134162073082
4,2,2,3,10,1,4,1,2,9,3.78375621868826
10,9,7,4,1,7,5,8,10,2,6.48262708681737
9,5,3,6,8,1,2,2,4,4,4.57556966140706
8,9,9,10,4,4,1,8,7,4,6.62700807285704
10,6,4,9,6,10,1,1,9,1,5.74664267941277
10,10,10,8,9,6,1,3,3,9,6.80374548389934
7,10,5,5,10,3,3,2,3,5,5.26371528111766
1,3,6,10,6,9,9,10,5,1,5.87658861481644
4,8,8,9,8,2,10,10,2,7,6.65189403490799
3,1,3,8,7,9,2,9,3,3,4.85723241885068
2,10,4,8,5,7,5,3,10,8,6.14936532461866
1,2,9,1,9,7,4,10,6,2,4.99696168730696
4,6,2,1,3,4,2,3,9,1,3.42717254181281
4,7,9,9,10,6,6,7,3,3,6.30843201687809
2,2,10,7,9,2,3,2,1,3,4.25750037528927
7,6,3,8,5,9,4,8,10,4,6.68615918114089
4,4,9,1,1,1,1,8,6,4,3.82898053323779
10,1,2,2,10,6,7,4,3,1,4.6683009752811
7,1,8,4,5,4,1,8,1,4,4.27221136118401
4,9,5,8,2,9,4,6,2,6,5.47657059775111
2,9,10,3,2,7,9,10,9,9,6.94998375987012
2,5,7,9,1,8,6,10,10,3,5.99338160874559
10,10,2,9,1,4,4,9,1,1,5.10345082763607
4,5,5,2,3,3,1,7,4,1,3.55151048432637
6,5,10,7,6,5,8,4,3,3,5.6691626148887
8,7,2,1,3,1,8,7,1,1,3.93096063978995
9,2,9,3,5,4,3,8,8,2,5.22517946782625
6,1,2,8,4,8,7,7,2,2,4.58550377193366
1,9,7,5,1,6,1,7,2,1,3.88673216739453
10,3,8,3,5,9,6,4,5,4,5.76234969532245
8,6,8,6,4,8,3,10,7,9,6.83784450422894
4,9,8,8,1,4,10,2,9,8,6.46117072862052
1,4,6,2,7,10,3,6,8,3,5.03431764010339
1,10,7,9,3,5,2,5,5,8,5.37588723870221
9,9,5,3,8,1,2,7,3,7,5.39045179088722
9,8,3,9,10,7,9,3,8,2,7.01079419354128
7,3,1,2,7,6,5,3,7,2,4.11095010458082
2,8,5,6,8,8,6,3,5,2,5.31842380518171
4,9,8,1,8,5,9,6,8,9,6.55437712466011
8,1,2,1,5,9,4,1,10,3,4.58673692877757
10,2,10,3,6,9,6,9,3,1,5.85951931367121
7,9,9,7,10,7,1,10,1,1,6.08942918100576
3,7,10,5,7,10,1,10,6,6,6.50085003225057
7,9,1,6,9,7,2,10,2,3,5.57035454233776
3,9,6,1,5,5,10,8,2,4,5.33951075527873
10,4,5,4,9,9,8,4,5,8,6.35870941949518
2,1,5,7,2,7,9,8,7,8,5.46690021092876
5,6,5,5,5,8,5,1,8,6,5.22645618024481
3,7,6,3,6,9,10,8,2,2,5.64020871027928
1,9,3,2,6,7,4,9,3,7,5.14628287046471
9,5,9,7,9,10,5,6,6,9,7.35709672109616
6,10,10,6,9,6,7,5,1,6,6.59933312033314
7,8,10,6,10,9,10,4,4,2,6.78255534097296
5,2,10,1,2,10,3,5,3,10,5.14857337446901
9,3,7,4,4,1,6,6,2,2,4.50245631712692
8,9,4,4,4,10,6,8,10,2,6.45827593332094
4,5,9,1,6,2,4,2,10,8,5.05500863793431
10,10,7,7,6,6,2,10,5,3,6.65107643519916
7,10,5,1,1,4,3,4,6,9,5.02306613715142
1,9,7,1,5,5,3,2,8,5,4.74140144136455
6,6,7,1,3,10,1,8,10,7,6.00029068476351
5,7,7,3,6,2,5,6,2,6,5.12202858795748
1,8,9,10,10,6,9,8,5,4,6.87209972860588
6,5,7,4,10,3,6,5,8,5,5.94590305106604
10,5,10,4,4,6,10,4,2,5,6.05259508995564
8,6,3,9,10,7,3,1,3,6,5.56980945112121
6,2,5,10,8,6,9,6,4,5,5.87373981260652
3,9,1,10,2,3,6,4,10,2,4.94867574933879
8,5,3,1,8,8,8,4,6,1,5.15559976022717
7,2,4,5,6,10,6,2,6,10,5.95847622675051
9,2,7,10,2,9,7,2,10,6,6.39753489166754
7,2,8,2,3,4,5,7,4,8,4.9485305579862
5,1,4,9,6,9,7,4,4,6,5.44860069665617
5,3,3,6,6,4,9,4,10,7,5.68619152644805
4,9,8,3,6,1,10,1,9,3,5.33366451569898
5,1,7,5,5,4,10,5,10,3,5.55701803752823
9,2,7,8,4,1,4,3,4,2,4.46931984275611
10,1,3,6,9,2,3,10,5,7,5.58035345920208
2,1,10,8,6,5,3,5,9,9,5.84277386356487
8,10,6,3,6,10,7,6,9,10,7.55584193691584
10,9,2,5,3,8,7,3,2,4,5.21515092366893
10,2,7,8,7,1,4,3,3,1,4.63932100900436
4,5,2,10,2,1,3,6,8,10,5.17396228545551
4,4,6,1,7,8,8,6,5,5,5.44345631373641
10,3,10,4,8,8,2,3,6,4,5.84579352566301
2,2,2,2,1,10,7,4,1,4,3.45478698007047
10,5,6,10,10,2,2,10,2,6,6.26329443203763
4,7,9,2,8,1,1,9,8,1,4.9604246709987
6,4,2,2,6,7,7,6,9,8,5.70234002344738
6,8,5,8,6,9,7,5,7,5,6.56104561876638
8,9,2,10,5,5,10,3,5,9,6.64823767180586
5,9,1,6,3,3,8,6,4,4,4.97586970623494
2,8,3,4,4,2,10,2,2,9,4.61707622814473
4,4,3,3,1,3,9,7,1,3,3.97550358357195
7,1,8,7,10,10,2,2,1,6,5.27089945851984
1,9,6,3,3,5,2,10,4,4,4.8350223041423
9,7,3,5,9,8,6,2,10,8,6.8181980437715
3,6,2,10,2,1,10,5,8,1,4.67363864494695
6,8,10,5,10,10,10,8,10,10,8.54327629766381
2,1,1,2,9,4,2,9,3,9,4.02330959956679
4,8,6,5,8,8,10,2,5,7,6.40313827567534
7,9,2,9,8,4,9,3,10,3,6.41697227211653
3,1,6,9,7,4,9,1,10,10,5.83565702752814
7,10,5,10,8,4,9,10,2,7,7.17509338602775
5,5,5,6,7,5,6,8,7,7,6.04930682791347
10,8,6,2,6,6,2,3,10,6,5.89722905109926
9,10,4,10,7,3,9,8,2,2,6.37517501472776
4,4,10,10,4,10,2,2,5,6,5.66130455499388
4,8,5,6,2,1,9,9,7,8,6.10011868417724
9,1,3,5,3,8,2,10,9,10,6.08521153994146
5,1,9,6,10,1,5,4,4,1,4.76034715053624
4,6,2,10,4,10,8,9,10,3,6.56091415973163
1,1,1,5,2,6,3,8,9,7,4.0485814686753
1,1,3,5,10,5,5,2,4,4,4.05918511318836
7,7,9,4,9,10,4,6,4,2,6.12578505995935
7,1,9,1,7,5,8,7,5,10,6.1702007286057
10,5,4,6,2,7,1,1,9,4,4.5880882485122
4,8,2,2,5,8,3,4,7,8,5.14473709878359
10,9,8,9,2,4,9,9,9,8,7.83423821686152
3,4,5,3,5,5,5,3,8,5,4.65197487317004
8,7,5,8,3,8,5,2,5,3,5.26570578986441
3,4,10,8,5,1,2,9,3,3,4.78938745295583
1,6,1,9,2,6,1,10,8,1,4.51964621205596
9,3,1,5,10,2,6,7,3,10,5.7993482598522
7,6,7,10,5,8,2,9,1,5,6.01001981440879
10,10,2,1,4,10,5,8,9,7,6.58345218330773
7,6,3,7,2,7,7,10,3,3,5.45508466288397
9,1,4,9,3,10,8,2,8,10,6.41085118795528
4,2,9,6,6,5,9,10,7,9,6.70778887802944
4,4,1,6,6,8,10,9,10,8,6.75286518841729
6,10,3,10,10,9,7,6,3,2,6.64481387808783
1,8,6,4,7,8,4,9,8,7,6.14150725038842
2,1,1,5,8,7,2,4,1,1,3.142408098013
6,7,1,9,9,2,6,9,7,3,6.02886360165821
8,5,2,2,1,1,3,1,4,3,2.87135968121131
9,3,4,10,3,10,8,1,2,5,5.47565919673909
4,3,3,2,7,8,10,8,4,10,5.95628039479928
8,5,2,3,7,7,5,3,6,9,5.5256447583071
1,10,3,3,6,10,10,3,3,9,5.57236610094989
7,5,3,2,5,2,1,6,8,7,4.65580059179897
4,9,5,1,10,7,7,10,1,3,5.66649805325483
6,10,9,1,3,4,5,2,1,3,4.56427076618467
10,3,3,10,7,10,5,6,7,1,6.35701388368247
2,6,8,8,2,2,9,5,1,10,5.5081978263767
4,6,4,3,4,7,5,5,9,7,5.33673740172123
7,3,10,4,1,2,6,10,6,7,5.5883554151785
8,9,7,9,2,8,8,9,7,1,6.63731192426155
6,9,9,8,5,2,8,4,9,5,6.48229601764233
9,10,2,10,6,5,5,3,8,5,6.22384142048282
6,2,6,10,3,4,8,2,10,1,5.00056946829382
6,7,8,4,9,1,3,10,9,3,5.93622444601973
5,8,3,9,4,1,2,7,9,2,4.9372459645756
4,2,5,7,2,2,4,4,6,4,3.95748376085371
2,9,6,3,4,8,9,5,9,5,6.07660735583869
3,2,5,3,3,5,6,6,9,7,4.9227675375864
3,2,7,1,10,7,2,5,8,10,5.52621241095332
8,10,1,10,9,2,9,3,5,8,6.49612933320873
8,7,4,10,10,2,2,9,5,3,6.03907093895054
2,1,4,2,9,1,1,7,1,7,3.5709368620657
6,9,1,10,3,9,9,6,7,2,6.3994935773387
6,10,3,9,4,5,10,9,5,1,6.23156682326656
6,9,8,3,10,6,4,6,3,6,6.12549982657759
4,4,9,9,4,3,6,1,5,8,5.29251323535835
5,10,3,10,2,6,7,7,6,8,6.25949255680544
1,4,10,9,4,10,7,5,10,4,6.42322682455918
10,10,2,9,9,8,9,2,9,2,6.90318008135246
1,6,9,9,9,6,8,8,3,9,6.90545239285471
6,6,6,8,7,7,6,7,4,1,5.6895676853268
9,9,2,8,6,7,3,2,8,7,6.00240171925432
6,2,4,3,3,7,1,7,3,3,3.98613925014264
5,7,3,8,7,7,2,9,4,4,5.6902551177651
6,3,9,6,2,4,4,8,2,3,4.85049603221249
8,1,5,2,10,6,2,4,3,10,5.2787803732647
2,8,4,4,9,6,8,1,9,10,6.12422439854646
10,7,2,7,9,8,8,9,5,7,7.24294394994106
5,1,9,9,9,8,8,10,8,4,7.15911024781717
10,7,1,4,9,8,8,7,10,2,6.56677169930933
10,7,7,5,2,7,4,1,8,6,5.62436031092609
8,8,8,10,10,8,2,1,6,5,6.60270119680361
7,2,6,9,8,2,5,6,9,10,6.37880212981703
7,2,6,8,4,9,5,9,2,2,5.3192573165242
1,2,5,6,8,9,5,3,4,1,4.53270894655982
5,1,8,8,5,9,1,4,9,1,4.90404915410053
6,7,9,2,3,5,9,7,6,3,5.68638959676501
10,4,2,1,6,6,7,10,7,6,5.84097972973494
8,3,4,9,1,2,5,9,4,5,4.93763469375291
8,2,4,1,7,2,4,3,7,6,4.41854295197769
5,3,3,7,5,4,6,1,10,8,5.10815748049107
2,3,2,2,4,1,3,10,7,8,4.34513576093454
8,3,6,3,4,1,8,3,10,5,4.96788722934806
5,2,3,3,6,4,7,2,7,10,5.026805101113
5,10,6,3,3,7,2,1,10,7,5.47670554389209
1,4,6,3,3,1,9,8,4,7,4.79148791176785
2,1,10,2,10,10,4,7,8,3,5.80812898636152
5,4,3,8,7,4,1,10,7,6,5.61894404245629
8,6,3,5,6,6,2,7,10,7,6.19145973043844
1,8,2,5,2,5,4,4,2,6,3.84586353807565
7,4,8,9,7,8,5,9,9,9,7.47858847693603
10,9,1,4,5,7,10,6,9,9,7.05675193881464
8,10,5,8,6,4,2,4,5,5,5.7448029690705
3,3,1,9,10,10,8,2,4,2,5.35873376006496
9,5,10,4,10,2,1,10,10,6,6.63184590029718
4,4,2,1,4,10,10,9,6,2,5.09212233218651
6,10,8,8,8,3,9,9,5,9,7.64217809581799
5,7,10,5,3,9,1,8,10,2,6.01117922351232
1,9,8,1,8,4,9,7,6,7,6.04523207595399
8,10,3,9,8,6,6,3,2,9,6.48822651155675
6,1,7,8,1,7,4,6,10,4,5.34535399831995
8,5,2,9,1,7,2,6,6,8,5.44347503630012
1,7,2,10,7,8,10,5,10,8,6.708619699274
8,1,1,5,6,5,9,10,8,1,5.40192534040757
3,8,3,9,8,6,4,4,4,9,5.86306850694985
3,6,5,4,6,1,10,5,8,8,5.54793837032958
9,6,8,2,5,5,10,9,9,4,6.68217807896532
1,5,4,5,10,10,7,2,4,2,5.14947960632045
1,1,2,3,10,7,3,8,4,2,4.0545288967775
4,10,6,4,3,9,10,9,2,6,6.31933394725686
6,10,9,4,8,4,9,3,3,4,5.96726611140984
7,7,4,4,3,9,9,6,8,9,6.46761851721946
3,5,1,2,2,6,5,2,2,3,3.1366251637803
3,3,9,1,10,4,1,2,2,3,3.63547294431468
4,1,2,10,9,9,6,2,5,6,5.41184585372045
5,4,8,5,7,8,4,6,5,8,6.0334439187258
9,9,2,1,6,5,4,1,3,4,4.28714823213095
2,4,9,6,5,7,9,1,6,4,5.3318446712281
7,5,6,5,4,4,1,1,10,3,4.52858409070262
5,6,6,3,7,1,1,3,6,9,4.78690937871288
10,6,9,5,6,5,5,5,1,2,5.43574450244266
6,6,9,2,4,5,7,3,6,8,5.70340916904559
2,3,1,5,7,5,1,3,4,1,3.15713258780445
5,9,5,1,2,7,4,5,7,8,5.38867379057407
2,1,4,5,6,5,6,4,2,9,4.39608955023291
5,7,9,4,8,7,4,1,6,1,5.4213438254881
3,5,6,9,6,6,7,10,6,8,6.57683341897466
10,4,5,10,6,3,2,8,8,4,5.90156735530428
5,8,1,4,5,10,1,9,2,8,5.44226089303013
8,2,3,3,5,10,7,8,1,1,4.77418851265343
2,5,4,10,8,1,3,4,3,4,4.44408408402869
9,8,2,3,1,10,7,2,8,5,5.52542852229271
3,6,5,9,10,5,6,4,4,2,5.39743756724278
2,5,3,10,3,8,8,5,10,5,5.85672965001913
2,6,9,9,5,9,9,3,5,5,6.25260002763128
6,6,3,1,7,3,7,4,4,4,4.5599289803913
8,7,8,1,6,7,5,1,8,9,5.9903282698942
9,9,8,6,2,2,7,2,5,4,5.58455901344168
8,4,1,3,8,4,4,5,8,3,4.79752447635667
5,10,5,8,7,1,8,5,1,4,5.46192107120508
9,4,2,6,6,6,5,5,1,8,5.1755815921318
1,2,3,4,9,3,3,10,1,2,3.74377984068147
10,3,3,2,4,10,5,5,8,7,5.71849136282951
7,10,2,9,9,1,9,2,10,3,6.15692532699737
5,1,1,2,8,7,8,5,5,8,5.14787207549641
1,2,10,8,1,7,9,8,8,3,5.88576508266589
8,1,2,10,10,6,8,5,1,8,5.71348805838431
3,7,5,6,6,1,6,7,8,7,5.48683920662295
10,3,8,1,9,7,4,7,7,6,6.29904582232978
10,6,2,2,6,2,4,1,9,10,5.15245332887779
8,3,4,3,8,8,2,8,2,6,5.33722378977286
8,4,4,7,9,8,6,1,5,3,5.60376347293949
5,4,8,8,2,5,4,10,2,10,5.78067643717875
9,10,6,4,7,7,9,9,10,1,7.00542316653979
2,2,8,5,5,8,1,10,9,8,5.87661553669919
7,3,8,2,1,9,4,3,9,4,4.975694030333
3,2,3,2,1,4,5,3,5,4,3.13173560980358
5,8,5,6,4,7,8,2,3,2,5.03658440126007
1,10,4,10,6,6,8,8,2,2,5.76761772340517
2,5,6,8,9,5,8,10,7,7,6.61623492339306
1,7,10,7,2,1,7,3,1,7,4.4995050960919
10,2,2,5,9,7,1,4,7,5,5.03096415913341
4,7,4,1,9,9,3,8,5,9,5.8278856132183
6,9,8,9,10,1,3,7,1,7,6.0413351908083
7,5,6,4,7,8,7,2,3,6,5.49713974310618
3,1,6,1,2,6,2,5,6,10,4.06890262598621
6,2,9,10,4,9,2,1,4,9,5.6006060172417
9,3,8,8,3,6,9,9,7,5,6.81135666081592
4,3,5,10,10,9,5,5,8,8,6.83327744273622
9,1,10,3,4,8,2,7,3,1,4.78675445312567
1,4,6,8,4,7,3,5,7,6,5.06942609719682
10,6,6,7,9,5,4,6,7,3,6.34773072522541
8,6,2,6,2,6,8,2,8,3,5.12899630028227
3,7,4,9,6,6,5,8,4,7,5.85610152789654
7,5,10,1,6,7,6,7,3,1,5.22716802184138
4,2,3,6,10,1,9,9,8,5,5.81635272627915
10,10,3,10,8,2,4,8,1,10,6.6409158220088
4,8,3,6,8,8,8,7,3,5,5.97755274545807
1,4,2,3,1,1,7,4,2,4,2.90624867677299
4,2,2,1,6,1,5,9,4,2,3.29991860167494
4,3,3,7,3,2,6,6,1,7,4.11140977531489
4,8,7,2,10,6,3,8,2,3,5.22444069667013
10,1,10,2,9,2,8,3,9,1,5.66394229809749
4,6,1,8,7,7,7,7,6,8,6.07392897608986
6,2,1,8,3,7,9,10,9,2,5.64681146441846
10,8,1,1,8,10,5,4,1,10,5.89131391818879
10,10,5,1,10,1,7,1,10,1,5.64187772678559
3,2,3,5,6,9,1,9,6,9,5.30400330230001
8,7,2,10,9,1,5,4,3,6,5.74704723451805
4,6,9,7,5,9,9,4,3,10,6.80848115532119
6,9,2,3,7,3,9,2,5,8,5.47406444676131
8,4,6,4,3,1,7,3,3,3,4.15706484548089
9,6,6,8,4,8,9,5,8,3,6.61892377982247
9,1,4,2,1,10,4,6,2,2,4.0458078517376
1,6,7,1,3,5,3,3,9,1,3.68805802617029
3,6,8,1,5,4,6,6,7,5,5.0835806577483
4,5,10,6,6,4,3,7,8,10,6.26507872268781
4,10,4,7,6,10,3,2,9,9,6.42409091397378
8,8,4,10,6,7,9,3,10,1,6.65166672717793
7,3,5,1,10,3,10,3,4,9,5.61076922241931
10,10,7,9,7,7,7,3,3,9,7.11326983082937
9,5,6,2,9,2,6,3,2,1,4.50011459475398
8,9,1,7,7,9,3,1,1,5,5.14054720903311
5,8,9,5,4,8,10,2,10,3,6.36045823209856
6,5,6,4,9,3,9,7,9,4,6.08759994589162
1,6,10,2,9,5,10,5,1,1,4.95158738559322
9,6,10,5,7,8,8,1,6,3,6.25580871172158
10,10,10,5,2,9,3,1,5,9,6.38159577531461
6,1,7,10,2,2,10,10,5,10,6.23193653020857
10,8,9,9,6,4,3,1,5,10,6.43353100097657
2,9,5,4,3,3,5,6,4,2,4.31179625612029
3,10,7,6,7,2,7,1,8,9,5.98239528777529
5,10,5,3,9,3,1,6,6,6,5.2244549793575
5,7,10,6,1,8,4,6,5,6,5.94275534565232
5,1,3,3,3,9,7,4,4,6,4.49401838596893
1,2,10,10,9,5,9,6,9,1,6.25635476723074
7,5,7,2,8,3,9,10,2,2,5.4431023560731
8,7,10,5,3,9,6,5,10,4,6.63361945381909
4,2,7,7,4,3,3,7,5,7,4.90626206053229
10,2,5,7,1,8,7,4,8,1,5.48418527709106
8,2,10,6,10,4,2,7,4,10,6.33245250363177
1,2,2,1,2,5,1,10,3,10,3.8282784798251
10,9,1,9,5,5,7,1,5,10,6.10402612833725
3,5,6,6,1,6,3,2,9,2,4.22398871020354
1,9,6,7,5,7,4,1,4,6,4.92827963958795
3,9,3,3,4,7,7,9,5,8,5.98283661177805
8,10,3,2,4,5,6,3,3,4,4.7502303800299
3,7,7,2,8,2,7,5,5,4,4.92279710142027
3,7,4,4,2,4,4,6,5,7,4.57797062212211
1,8,3,9,3,3,2,4,6,1,3.99826088735709
3,1,4,6,6,9,1,2,4,2,3.86213757258263
7,9,9,5,2,7,6,1,9,5,6.12822240407463
1,7,3,10,6,1,10,3,5,3,4.82529032121548
1,5,10,9,4,10,4,5,10,10,6.7414570993059
4,3,7,2,10,3,6,1,7,5,4.90369158736001
5,1,9,2,6,8,8,8,8,10,6.54731882717854
7,5,3,5,1,8,8,7,7,1,5.00482891455096
8,8,8,1,6,7,7,1,4,1,5.11575876875583
1,6,1,8,3,1,9,4,8,6,4.62599408466456
5,10,6,6,7,9,6,2,6,2,5.98019194066263
10,6,9,3,1,6,8,1,4,8,5.49990403973514
9,6,10,9,5,7,9,6,7,2,6.96862037861036
3,8,4,4,10,8,8,3,6,2,5.57249229646339
5,1,5,10,5,3,5,9,10,9,6.22740711044378
1,3,5,3,7,6,1,5,3,1,3.61852451059858
3,4,10,9,9,9,6,3,4,4,6.09554719086248
5,3,5,1,8,1,8,2,5,9,4.57732186403256
8,2,10,9,10,2,6,5,7,5,6.19453186510568
10,6,2,1,10,7,10,1,3,10,5.93610748476332
4,5,6,3,3,2,6,6,3,8,4.78669788762202
10,9,8,5,8,5,6,10,8,3,7.08199880896511
10,8,1,7,7,7,7,5,5,3,5.90054114254386
9,4,7,1,8,2,3,5,3,10,5.16364444460292
5,9,4,4,6,10,9,9,7,7,6.95388587738766
8,3,1,6,4,8,8,5,10,7,5.86799860661286
9,6,7,7,10,3,7,10,1,7,6.66398029550779
7,2,7,8,9,6,9,5,3,1,5.61939200453382
6,2,1,2,9,9,6,6,9,5,5.40689012233814
4,3,4,3,2,4,10,7,6,10,5.14818850627228
1,8,1,4,9,5,5,7,5,10,5.41957396984756
1,4,8,5,6,1,7,9,2,3,4.53832328700221
1,10,9,1,4,7,9,4,4,4,5.27909693312603
1,2,5,3,10,1,4,9,8,1,4.33169887745321
4,10,1,6,9,1,8,9,1,5,5.59072858097322
2,8,7,6,9,6,7,4,7,4,5.92901161703291
6,4,6,7,8,2,4,8,6,2,5.34820225548547
1,1,10,2,1,2,3,9,10,3,4.15961963015471
1,7,4,6,2,10,7,6,9,4,5.59669417641332
2,5,10,3,5,9,10,5,2,2,5.03947692364815
